image_path,dataset,scene,rotation_matrix,translation_vector
2cfa01ab573141e4/2fa124afd1f74f38/images/093870b65ebf4ded.png,2cfa01ab573141e4,2fa124afd1f74f38,0.3700584878256019;0.7870891328233803;0.6327813202133562;0.9701634305245479;0.7385310367621504;0.01961223681057822;0.3188178016930746;0.5288653910726115;0.5618612187044616,0.12296637725515835;0.6206590405309732;0.10571705242679241
2cfa01ab573141e4/2fa124afd1f74f38/images/11c073bfeee04544.png,2cfa01ab573141e4,2fa124afd1f74f38,0.24107462449034978;0.6324667958150785;0.6620822440874163;0.2876369229358725;0.19224165724319509;0.8552069321582572;0.9271143226887499;0.571700601601284;0.13615916558919416,0.30084987667667396;0.6212308657300727;0.6649445991451239
2cfa01ab573141e4/2fa124afd1f74f38/images/11d5430cd9e246d4.png,2cfa01ab573141e4,2fa124afd1f74f38,0.16107224414906363;0.827391324245376;0.04430843821767372;0.8609320049934958;0.09356354344913176;0.7393041312431515;0.8396609700557959;0.45188116703075853;0.18157384595822823,0.293163905050011;0.9682221798154219;0.8272006029300076
